板块代码,板块名称,母板块
C000002001,上市公司,7*24全球直播
C000002002,全球央行,7*24全球直播
C000002003,经济数据,7*24全球直播
S888009001API,中国股市,7*24全球直播
C000002005,商品,7*24全球直播
C000002006,外汇,7*24全球直播
C000002007,债券,7*24全球直播
S888009009API,基金,7*24全球直播
C000002009,全球股市,7*24全球直播
C000022,热门资讯,
C000001001,全部资讯,
S888010007API,经济数据,财经要闻
C000003006,政策跟踪,财经要闻
S888005003API,要闻聚集,财经要闻
C000003002,央行动态,财经要闻
C000003003,监管政策,财经要闻
S888010003API,宏观经济,财经要闻
S888010005API,国内经济,财经要闻
S888010004API,产业经济,财经要闻
F888023API,全部公众号,公众号
C000015002,创投跟踪,公众号
C000015001,经纪商日报,公众号
C000004API,全部舆情,市场舆情
C000004005,宏观预警,市场舆情
C000004006,行业预警,市场舆情
C000004004API,监管处罚,市场舆情
C000004001API,企业预警,市场舆情
C000004002API,债市预警,市场舆情
C000004009,股市预警,市场舆情
C000004010,基金预警,市场舆情
S888005010API,Choice早班车,早班车
S888005008API,东财财经早餐,早班车
C000005018,舆情日报,早班车
C000005112,权益市场日报,早班车
C000017001003,港股日报,早班车
S888005006API,财经头版头条,早班车
C000017002,午间速递,日报周报
S888005009API,市场收评,市场收评
C000017003001,北向资金最新动态,市场收评
C000017003002,涨停复盘,市场收评
C000005010,债市复盘,市场收评
C000017003003,风控日报,市场收评
C000017003004,港股收评,市场收评
C000005004,上市公司利好日报,晚间速递
C000005005,上市公司重大事项日报,晚间速递
C000005007,新闻联播精选,晚间速递
C000005011,固定收益周刊,Choice周刊
C000005012,大类资产周刊,Choice周刊
C000005013,全球热点事件,Choice周刊
C000005014,周末突发事件,Choice周刊
C000005015,权益市场周报,Choice周刊
C000006001,AI业绩点评,妙想研究院
C000020001,妙想好图,妙想研究院
C000005020,雅下水电,热点追踪
C000005021,五篇大文章,热点追踪
C000007027,加密货币,热点追踪
C000007025,国产替代,热点追踪
C000007014,全球AI产业,热点追踪
C000006003,未来事件,热点追踪
C000006005,政府化债,热点追踪
C000007015,美债危机,热点追踪
C000007016,美联储降息,热点追踪
C000007017,美国关税政策,热点追踪
C000007019,中东局势,热点追踪
C000007020,乡村振兴,热点追踪
C000007021,消费刺激,热点追踪
C000007022,金融机构改革,热点追踪
C000007024,中概股回流,热点追踪
S888010006API,海外局势,热点追踪
S888005002API,头条资讯,市场快报
S888005004API,国际资讯,市场快报
S888005005API,公司资讯,市场快报
C000021001,交易快讯,市场快报
C000011013,金融市场,重要市场
C000011014,股票市场,重要市场
C000011001001,融资融券,中国股市
S888009003API,香港股市,重要市场
S888009004API,美国股市,重要市场
S888009002API,海外中概股,重要市场
S888009007API,债券市场,重要市场
S888009010API,黄金市场,重要市场
S888009011API,外汇市场,重要市场
S888009008API,期货市场,重要市场
C000011009,贵金属市场,重要市场
C000011010,基金理财,重要市场
C000011011,资管市场,重要市场
C000011012,创投并购,重要市场
C000018001,债券发行动态,一级市场
C000018002,股票发行动态,一级市场
C000014001,报刊头条,财经媒体
C000014002,中国证券报,财经媒体
C000014003,上海证券报,财经媒体
C000014004,证券时报,财经媒体
C000014005,证券日报,财经媒体
C000014006,第一财经,财经媒体
C000014007,21世纪经济报道,财经媒体
C000014008,每日经济新闻,财经媒体
C000014010,南方都市报,财经媒体
C000014011,经济日报,财经媒体
C000014012,经济参考报,财经媒体
C000014013,澎湃新闻,财经媒体
C000014014,南方财经网,财经媒体
C000014015,财联社,财经媒体
C000001005001,国务院,政府资讯
C000001005002,发改委,政府资讯
C000001005003,国资委,政府资讯
C000001005004,央行,政府资讯
C000001005005,财政部,政府资讯
C000001005006,工信部,政府资讯
C000001005007,商务部,政府资讯
C000001005008,农业农村部,政府资讯
C000001005009,住建部,政府资讯
C000001005010,国土部,政府资讯
C000001005011,交通部,政府资讯
C000001005012,人保部,政府资讯
C000001005013,生态环境部,政府资讯
C000001005014,水利部,政府资讯
C000001005015,科技部,政府资讯
C000001005016,文旅部,政府资讯
C000001005017,卫健委,政府资讯
C000001005018,市场监管总局,政府资讯
C000001005019,国税总局,政府资讯
C000001005020,外管局,政府资讯
C000001005021,统计局,政府资讯
C000001005022,邮政局,政府资讯
C000001005023,海关总署,政府资讯
C000001005024,广播电视总台,政府资讯
C000001005025,证监会,政府资讯
C000001005026,银保监局,政府资讯
C000001005027,上交所,政府资讯
C000001005028,深交所,政府资讯
C000001005029,中金所,政府资讯
C000001005030,上海期货交易所,政府资讯
C000001005031,大连商品交易所,政府资讯
C000001005032,郑州商品交易所,政府资讯
C000001005033,自然资源部,政府资讯
C000019001,评级监控,企业聚焦
C000019002,机构研究,企业聚焦
C000019003,企业动态监测,企业聚焦
C000019004,企业风险监测,企业聚焦
C000019005,企业融资监测,企业聚焦
C000019006,投融资动态,企业聚焦
C000019007,业绩动态,企业聚焦
C000012031,行业景气度,行业聚焦
C000012001,宏观策略,行业聚焦
C000012002,固收行业,行业聚焦
C000012003,农林牧渔,行业聚焦
C000012004,基础化工,行业聚焦
C000012005,钢铁,行业聚焦
C000012006,有色金属,行业聚焦
C000012007,电子,行业聚焦
C000012008,汽车,行业聚焦
C000012009,家用电器,行业聚焦
C000012010,食品饮料,行业聚焦
C000012011,纺织服饰,行业聚焦
C000012012,轻工制造,行业聚焦
C000012013,医药生物,行业聚焦
C000012014,公用事业,行业聚焦
C000012015,交通运输,行业聚焦
C000012016,房地产,行业聚焦
C000012017,商贸零售,行业聚焦
C000012018,社会服务,行业聚焦
C000012019,银行,行业聚焦
C000012020,非银金融,行业聚焦
C000012021,综合,行业聚焦
C000012022,建筑材料,行业聚焦
C000012023,电力设备,行业聚焦
C000012024,机械设备,行业聚焦
C000012025,国防军工,行业聚焦
C000012026,计算机,行业聚焦
C000012027,传媒,行业聚焦
C000012028,石油石化,行业聚焦
C000012029,环保,行业聚焦
C000012030,美容护理,行业聚焦
